Type,ID,Title,Description,Status,Team,Priority,Progress,StoryPoints,CurrentSprint,StartDate,EndDate,Goals,AssignedTo,CreatedBy,CreatedDate,AreaPath,WorkItemType,Epic,Tags
Epic,EPIC-001,Customer Portal Redesign,Complete redesign of customer-facing portal with modern UI/UX,Active,Frontend Team,High,65,89,Sprint 12,2024-11-01,2024-12-31,Complete customer portal MVP,John Smith,Sarah Johnson,2024-10-15,Customer Experience\Portal,Epic,EPIC-001,portal;ux;customer;redesign
Epic,EPIC-002,API Gateway Implementation,Implement centralized API gateway for microservices,Planning,Backend Team,High,15,67,Sprint 13,2024-12-30,2025-02-28,API gateway foundation,Mike Davis,Tom Wilson,2024-11-20,Platform\Infrastructure,Epic,EPIC-002,api;gateway;microservices
Epic,EPIC-003,Mobile App Development,Native mobile applications for iOS and Android,Active,Mobile Team,Medium,45,124,Sprint 11,2024-10-15,2025-03-31,Mobile app beta release,Lisa Chen,Mark Brown,2024-09-30,Mobile\Applications,Epic,EPIC-003,mobile;ios;android
Epic,EPIC-004,Data Analytics Platform,Enterprise data analytics and reporting platform,Active,Data Team,High,32,156,Sprint 14,2024-11-15,2025-04-30,Data platform MVP,Alex Rodriguez,Data Lead,2024-10-01,Platform\Analytics,Epic,EPIC-004,analytics;data;reporting
Epic,EPIC-005,Cloud Migration,Legacy system migration to cloud infrastructure,Planning,DevOps Team,Medium,8,203,Sprint 15,2025-01-15,2025-06-30,Complete cloud migration,DevOps Lead,CTO,2024-12-01,Platform\Infrastructure,Epic,EPIC-005,cloud;migration;infrastructure
Epic,EPIC-006,Security Enhancement,Comprehensive security audit and improvements,Active,Security Team,High,58,78,Sprint 12,2024-10-01,2025-02-28,Security compliance,Security Lead,CTO,2024-09-15,Security\Compliance,Epic,EPIC-006,security;compliance;audit
Epic,EPIC-007,Performance Optimization,System performance and scalability improvements,Active,Backend Team,Medium,72,45,Sprint 11,2024-09-01,2025-01-31,Performance targets,Backend Lead,Architect,2024-08-15,Platform\Performance,Epic,EPIC-007,performance;scalability;optimization
Epic,EPIC-008,User Experience Redesign,Complete UX overhaul for all customer touchpoints,Planning,UX Team,High,12,134,Sprint 16,2025-02-01,2025-07-31,UX transformation,UX Lead,Product Director,2024-12-15,Customer Experience\UX,Epic,EPIC-008,ux;design;customer
Team,Frontend Team,Frontend development team specializing in React and modern web technologies,Frontend development and user experience,Active,Frontend Team,Medium,85,45,Sprint 12,2024-01-01,2024-12-31,Team capacity and velocity tracking,John Smith,HR System,2024-01-15,Engineering\Frontend,Team,Team-001,frontend;react;javascript
Team,Backend Team,Backend development team focusing on .NET and cloud services,Backend services and API development,Active,Backend Team,Medium,78,38,Sprint 13,2024-01-01,2024-12-31,Backend API development,Mike Davis,HR System,2024-01-15,Engineering\Backend,Team,Team-002,backend;dotnet;api
Team,Mobile Team,Mobile development team for iOS and Android applications,Native mobile app development,Active,Mobile Team,Medium,72,52,Sprint 11,2024-01-01,2024-12-31,Mobile app development,Lisa Chen,HR System,2024-01-15,Engineering\Mobile,Team,Team-003,mobile;ios;android
Team,Data Team,Data engineering and analytics team,Data pipeline development and analytics,Active,Data Team,Medium,68,41,Sprint 14,2024-01-01,2024-12-31,Data platform development,Alex Rodriguez,HR System,2024-01-15,Engineering\Data,Team,Team-004,data;analytics;engineering
Team,DevOps Team,DevOps and infrastructure team,CI/CD pipelines and infrastructure management,Active,DevOps Team,High,82,35,Sprint 15,2024-01-01,2024-12-31,Infrastructure automation,DevOps Lead,HR System,2024-01-15,Engineering\DevOps,Team,Team-005,devops;infrastructure;automation
Team,Security Team,Security and compliance team,Security implementation and compliance,Active,Security Team,High,75,28,Sprint 12,2024-01-01,2024-12-31,Security standards,Security Lead,HR System,2024-01-15,Engineering\Security,Team,Team-006,security;compliance;standards
Team,UX Team,User experience and design team,UX research and design implementation,Active,UX Team,Medium,79,33,Sprint 16,2024-01-01,2024-12-31,Design system,UX Lead,HR System,2024-01-15,Engineering\UX,Team,Team-007,ux;design;research
Team,QA Team,Quality assurance and testing team,Testing and quality validation,Active,QA Team,Medium,71,29,Sprint 12,2024-01-01,2024-12-31,Quality standards,QA Lead,HR System,2024-01-15,Engineering\QA,Team,Team-008,qa;testing;quality
Backlog,STORY-001,User Authentication,Implement secure user authentication system with OAuth 2.0,Ready,Backend Team,High,0,8,Sprint Planning,2024-12-20,2024-12-27,Implement OAuth authentication,Mike Davis,Product Owner,2024-11-10,Customer Experience\Authentication,User Story,EPIC-001,authentication;oauth;security
Backlog,STORY-002,Dashboard Widgets,Create customizable dashboard widgets for user portal,In Progress,Frontend Team,Medium,40,5,Sprint 12,2024-12-16,2024-12-20,Dashboard customization,John Smith,Product Owner,2024-11-05,Customer Experience\Dashboard,User Story,EPIC-001,dashboard;widgets;customization
Backlog,STORY-003,Push Notifications,Implement push notification system for mobile apps,Ready,Mobile Team,High,0,13,Sprint Planning,2024-12-30,2025-01-10,Mobile notifications,Lisa Chen,Product Owner,2024-11-15,Mobile\Notifications,User Story,EPIC-003,notifications;push;mobile
Backlog,STORY-004,API Rate Limiting,Implement rate limiting for API endpoints,Ready,Backend Team,High,0,5,Sprint Planning,2024-12-25,2024-12-30,API protection,Mike Davis,Architect,2024-11-20,Platform\API,User Story,EPIC-002,api;security;rate-limiting
Backlog,STORY-005,Database Optimization,Optimize database queries and indexing,In Progress,Backend Team,Medium,65,12,Sprint 12,2024-12-10,2024-12-25,Performance improvement,Backend Lead,Architect,2024-11-01,Platform\Performance,User Story,EPIC-007,performance;database;optimization
Backlog,STORY-006,Error Monitoring,Implement comprehensive error monitoring system,Ready,DevOps Team,High,0,8,Sprint Planning,2024-12-28,2025-01-05,Error tracking,DevOps Engineer,DevOps Lead,2024-11-25,Platform\Monitoring,User Story,EPIC-005,monitoring;errors;devops
Backlog,STORY-007,User Onboarding,Design and implement user onboarding flow,In Progress,UX Team,Medium,35,18,Sprint 13,2024-12-15,2025-01-15,User experience,UX Designer,Product Owner,2024-10-20,Customer Experience\Onboarding,User Story,EPIC-008,ux;onboarding;user-experience
Backlog,STORY-008,Data Export,Implement data export functionality for reports,Ready,Data Team,Medium,0,10,Sprint Planning,2025-01-05,2025-01-15,Data functionality,Data Engineer,Product Owner,2024-11-30,Platform\Analytics,User Story,EPIC-004,data;export;reports
Backlog,STORY-009,Security Scanning,Implement automated security vulnerability scanning,Ready,Security Team,High,0,15,Sprint Planning,2024-12-22,2025-01-08,Security automation,Security Engineer,Security Lead,2024-11-18,Security\Automation,User Story,EPIC-006,security;scanning;automation
Backlog,STORY-010,Mobile Testing,Implement comprehensive mobile app testing,In Progress,QA Team,Medium,45,20,Sprint 12,2024-12-01,2024-12-20,Quality assurance,QA Engineer,QA Lead,2024-10-25,Mobile\Testing,User Story,EPIC-003,testing;mobile;quality
Sprint,Sprint 12,Current active sprint focusing on customer portal development,Active sprint with frontend and backend coordination,Active,Multiple Teams,High,75,98,Sprint 12,2024-12-16,2024-12-29,Complete customer portal MVP,Scrum Master,Scrum Master,2024-12-02,Organization\Sprints,Sprint,Sprint-001,sprint;active;portal
Sprint,Sprint 13,Upcoming sprint for API gateway and mobile features,Planning phase for next sprint,Planning,Multiple Teams,High,0,135,Sprint Planning,2024-12-30,2025-01-12,API gateway foundation,Scrum Master,Scrum Master,2024-12-16,Organization\Sprints,Sprint,Sprint-002,sprint;planning;api
Sprint,Sprint 14,Data platform and analytics sprint,Data engineering and analytics development,Planning,Data Team,Medium,0,89,Sprint Planning,2025-01-13,2025-01-26,Data platform foundation,Scrum Master,Scrum Master,2024-12-23,Organization\Sprints,Sprint,Sprint-003,sprint;planning;data
Sprint,Sprint 15,Cloud migration and infrastructure sprint,Infrastructure and cloud migration work,Planning,DevOps Team,High,0,156,Sprint Planning,2025-01-27,2025-02-09,Cloud migration,Scrum Master,Scrum Master,2024-12-30,Organization\Sprints,Sprint,Sprint-004,sprint;planning;cloud
Sprint,Sprint 16,UX redesign and security sprint,User experience and security improvements,Planning,UX Team,High,0,112,Sprint Planning,2025-02-10,2025-02-23,UX transformation,Scrum Master,Scrum Master,2025-01-06,Organization\Sprints,Sprint,Sprint-005,sprint;planning;ux

